-- phpMyAdmin SQL Dump
-- version 4.5.1
-- http://www.phpmyadmin.net
--
-- Host: 127.0.0.1
-- Generation Time: Feb 21, 2017 at 10:45 AM
-- Server version: 10.1.13-MariaDB
-- PHP Version: 5.6.21

SET SQL_MODE = "NO_AUTO_VALUE_ON_ZERO";
SET time_zone = "+00:00";


/*!40101 SET @OLD_CHARACTER_SET_CLIENT=@@CHARACTER_SET_CLIENT */;
/*!40101 SET @OLD_CHARACTER_SET_RESULTS=@@CHARACTER_SET_RESULTS */;
/*!40101 SET @OLD_COLLATION_CONNECTION=@@COLLATION_CONNECTION */;
/*!40101 SET NAMES utf8mb4 */;

--
-- Database: `penggajian`
--

-- --------------------------------------------------------

--
-- Table structure for table `golongans`
--

CREATE TABLE `golongans` (
  `id` int(10) UNSIGNED NOT NULL,
  `kode_golongan` varchar(255) COLLATE utf8mb4_unicode_ci NOT NULL,
  `nama_golongan` varchar(255) COLLATE utf8mb4_unicode_ci NOT NULL,
  `besaran_uang` int(11) NOT NULL,
  `created_at` timestamp NULL DEFAULT NULL,
  `updated_at` timestamp NULL DEFAULT NULL
) ENGINE=InnoDB DEFAULT CHARSET=utf8mb4 COLLATE=utf8mb4_unicode_ci;

--
-- Dumping data for table `golongans`
--

INSERT INTO `golongans` (`id`, `kode_golongan`, `nama_golongan`, `besaran_uang`, `created_at`, `updated_at`) VALUES
(1, 'gol-1', 'VI d', 3000000, '2017-02-20 23:26:30', '2017-02-20 23:26:30'),
(2, 'gol-2', 'VI e', 5000000, '2017-02-21 01:04:30', '2017-02-21 01:04:30');

-- --------------------------------------------------------

--
-- Table structure for table `jabatans`
--

CREATE TABLE `jabatans` (
  `id` int(10) UNSIGNED NOT NULL,
  `kode_jabatan` varchar(255) COLLATE utf8mb4_unicode_ci NOT NULL,
  `nama_jabatan` varchar(255) COLLATE utf8mb4_unicode_ci NOT NULL,
  `besaran_uang` int(11) NOT NULL,
  `created_at` timestamp NULL DEFAULT NULL,
  `updated_at` timestamp NULL DEFAULT NULL
) ENGINE=InnoDB DEFAULT CHARSET=utf8mb4 COLLATE=utf8mb4_unicode_ci;

--
-- Dumping data for table `jabatans`
--

INSERT INTO `jabatans` (`id`, `kode_jabatan`, `nama_jabatan`, `besaran_uang`, `created_at`, `updated_at`) VALUES
(1, 'jab-1', 'Pembina Tingkat I', 7000000, '2017-02-20 23:25:52', '2017-02-20 23:25:52'),
(2, 'jab-2', 'Pembina Utama', 9000000, '2017-02-21 01:03:38', '2017-02-21 01:03:38');

-- --------------------------------------------------------

--
-- Table structure for table `kategori_lemburs`
--

CREATE TABLE `kategori_lemburs` (
  `id` int(10) UNSIGNED NOT NULL,
  `kode_lembur` varchar(255) COLLATE utf8mb4_unicode_ci NOT NULL,
  `jabatan_id` int(10) UNSIGNED NOT NULL,
  `golongan_id` int(10) UNSIGNED NOT NULL,
  `besaran_uang` int(11) NOT NULL,
  `created_at` timestamp NULL DEFAULT NULL,
  `updated_at` timestamp NULL DEFAULT NULL
) ENGINE=InnoDB DEFAULT CHARSET=utf8mb4 COLLATE=utf8mb4_unicode_ci;

--
-- Dumping data for table `kategori_lemburs`
--

INSERT INTO `kategori_lemburs` (`id`, `kode_lembur`, `jabatan_id`, `golongan_id`, `besaran_uang`, `created_at`, `updated_at`) VALUES
(1, 'katlem-1', 1, 1, 30000, '2017-02-21 01:09:16', '2017-02-21 01:09:16'),
(2, 'katlem-2', 2, 2, 20000, '2017-02-21 01:10:10', '2017-02-21 01:10:10');

-- --------------------------------------------------------

--
-- Table structure for table `lembur_pegawais`
--

CREATE TABLE `lembur_pegawais` (
  `id` int(10) UNSIGNED NOT NULL,
  `kode_lembur_id` int(10) UNSIGNED NOT NULL,
  `pegawai_id` int(10) UNSIGNED NOT NULL,
  `jumlah_jam` int(11) NOT NULL,
  `created_at` timestamp NULL DEFAULT NULL,
  `updated_at` timestamp NULL DEFAULT NULL
) ENGINE=InnoDB DEFAULT CHARSET=utf8mb4 COLLATE=utf8mb4_unicode_ci;

--
-- Dumping data for table `lembur_pegawais`
--

INSERT INTO `lembur_pegawais` (`id`, `kode_lembur_id`, `pegawai_id`, `jumlah_jam`, `created_at`, `updated_at`) VALUES
(1, 2, 1, 4, '2017-02-21 02:39:47', '2017-02-21 02:39:47'),
(2, 2, 1, 1, '2017-02-21 02:41:40', '2017-02-21 02:41:40');

-- --------------------------------------------------------

--
-- Table structure for table `migrations`
--

CREATE TABLE `migrations` (
  `id` int(10) UNSIGNED NOT NULL,
  `migration` varchar(255) COLLATE utf8mb4_unicode_ci NOT NULL,
  `batch` int(11) NOT NULL
) ENGINE=InnoDB DEFAULT CHARSET=utf8mb4 COLLATE=utf8mb4_unicode_ci;

--
-- Dumping data for table `migrations`
--

INSERT INTO `migrations` (`id`, `migration`, `batch`) VALUES
(11, '2014_10_12_000000_create_users_table', 1),
(12, '2014_10_12_100000_create_password_resets_table', 1),
(13, '2017_02_02_035644_create_jabatans_table', 1),
(14, '2017_02_02_040044_create_golongans_table', 1),
(15, '2017_02_02_041541_create_kategori_lemburs_table', 1),
(16, '2017_02_02_042402_create_pegawais_table', 1),
(17, '2017_02_02_043203_create_lembur_pegawais_table', 1),
(18, '2017_02_02_043214_create_tunjangans_table', 1),
(19, '2017_02_02_043225_create_tunjangan_pegawais_table', 1),
(20, '2017_02_02_043244_create_penggajians_table', 1);

-- --------------------------------------------------------

--
-- Table structure for table `password_resets`
--

CREATE TABLE `password_resets` (
  `email` varchar(100) COLLATE utf8mb4_unicode_ci NOT NULL,
  `token` varchar(100) COLLATE utf8mb4_unicode_ci NOT NULL,
  `created_at` timestamp NULL DEFAULT NULL
) ENGINE=InnoDB DEFAULT CHARSET=utf8mb4 COLLATE=utf8mb4_unicode_ci;

-- --------------------------------------------------------

--
-- Table structure for table `pegawais`
--

CREATE TABLE `pegawais` (
  `id` int(10) UNSIGNED NOT NULL,
  `nip` varchar(255) COLLATE utf8mb4_unicode_ci NOT NULL,
  `user_id` int(10) UNSIGNED NOT NULL,
  `jabatan_id` int(10) UNSIGNED NOT NULL,
  `golongan_id` int(10) UNSIGNED NOT NULL,
  `poto` varchar(255) COLLATE utf8mb4_unicode_ci NOT NULL,
  `created_at` timestamp NULL DEFAULT NULL,
  `updated_at` timestamp NULL DEFAULT NULL
) ENGINE=InnoDB DEFAULT CHARSET=utf8mb4 COLLATE=utf8mb4_unicode_ci;

--
-- Dumping data for table `pegawais`
--

INSERT INTO `pegawais` (`id`, `nip`, `user_id`, `jabatan_id`, `golongan_id`, `poto`, `created_at`, `updated_at`) VALUES
(1, '1234567890', 1, 2, 2, 'JIUsI0_Untifdgtled.png', '2017-02-20 23:28:12', '2017-02-21 01:05:18'),
(2, '0987654321', 2, 1, 1, 'PrkGA2_Untitled.png', '2017-02-20 23:28:51', '2017-02-20 23:28:51');

-- --------------------------------------------------------

--
-- Table structure for table `penggajians`
--

CREATE TABLE `penggajians` (
  `id` int(10) UNSIGNED NOT NULL,
  `tunjangan_pegawai_id` int(10) UNSIGNED NOT NULL,
  `jumlah_jam_lembur` int(11) NOT NULL,
  `jumlah_uang_lembur` int(11) NOT NULL,
  `gaji_pokok` int(11) NOT NULL,
  `total_gaji` int(11) NOT NULL,
  `tanggal_pengambilan` date NOT NULL,
  `status_pengambilan` tinyint(4) NOT NULL,
  `petugas_penerima` varchar(255) COLLATE utf8mb4_unicode_ci NOT NULL,
  `created_at` timestamp NULL DEFAULT NULL,
  `updated_at` timestamp NULL DEFAULT NULL
) ENGINE=InnoDB DEFAULT CHARSET=utf8mb4 COLLATE=utf8mb4_unicode_ci;

-- --------------------------------------------------------

--
-- Table structure for table `tunjangans`
--

CREATE TABLE `tunjangans` (
  `id` int(10) UNSIGNED NOT NULL,
  `kode_tunjangan` varchar(255) COLLATE utf8mb4_unicode_ci NOT NULL,
  `jabatan_id` int(10) UNSIGNED NOT NULL,
  `golongan_id` int(10) UNSIGNED NOT NULL,
  `status` varchar(255) COLLATE utf8mb4_unicode_ci NOT NULL,
  `jumlah_anak` int(11) NOT NULL,
  `besaran_uang` int(11) NOT NULL,
  `created_at` timestamp NULL DEFAULT NULL,
  `updated_at` timestamp NULL DEFAULT NULL
) ENGINE=InnoDB DEFAULT CHARSET=utf8mb4 COLLATE=utf8mb4_unicode_ci;

--
-- Dumping data for table `tunjangans`
--

INSERT INTO `tunjangans` (`id`, `kode_tunjangan`, `jabatan_id`, `golongan_id`, `status`, `jumlah_anak`, `besaran_uang`, `created_at`, `updated_at`) VALUES
(1, 'tunj-a', 1, 1, 'Menikah', 2, 30000, '2017-02-20 23:58:44', '2017-02-20 23:58:44'),
(4, 'tunj-3', 1, 1, 'Belum Menikah', 0, 10000, '2017-02-21 00:05:48', '2017-02-21 00:05:48');

-- --------------------------------------------------------

--
-- Table structure for table `tunjangan_pegawais`
--

CREATE TABLE `tunjangan_pegawais` (
  `id` int(10) UNSIGNED NOT NULL,
  `kode_tunjangan_id` int(10) UNSIGNED NOT NULL,
  `pegawai_id` int(10) UNSIGNED NOT NULL,
  `created_at` timestamp NULL DEFAULT NULL,
  `updated_at` timestamp NULL DEFAULT NULL
) ENGINE=InnoDB DEFAULT CHARSET=utf8mb4 COLLATE=utf8mb4_unicode_ci;

--
-- Dumping data for table `tunjangan_pegawais`
--

INSERT INTO `tunjangan_pegawais` (`id`, `kode_tunjangan_id`, `pegawai_id`, `created_at`, `updated_at`) VALUES
(2, 1, 1, '2017-02-21 00:53:17', '2017-02-21 00:53:17'),
(3, 4, 2, '2017-02-21 00:55:44', '2017-02-21 00:55:44');

-- --------------------------------------------------------

--
-- Table structure for table `users`
--

CREATE TABLE `users` (
  `id` int(10) UNSIGNED NOT NULL,
  `name` varchar(255) COLLATE utf8mb4_unicode_ci NOT NULL,
  `email` varchar(100) COLLATE utf8mb4_unicode_ci NOT NULL,
  `password` varchar(255) COLLATE utf8mb4_unicode_ci NOT NULL,
  `permission` varchar(255) COLLATE utf8mb4_unicode_ci NOT NULL,
  `remember_token` varchar(100) COLLATE utf8mb4_unicode_ci DEFAULT NULL,
  `created_at` timestamp NULL DEFAULT NULL,
  `updated_at` timestamp NULL DEFAULT NULL
) ENGINE=InnoDB DEFAULT CHARSET=utf8mb4 COLLATE=utf8mb4_unicode_ci;

--
-- Dumping data for table `users`
--

INSERT INTO `users` (`id`, `name`, `email`, `password`, `permission`, `remember_token`, `created_at`, `updated_at`) VALUES
(1, 'Minkhatul lamingah', 'minkhatullamingah@gmail.com', '$2y$10$ysCG3WRmxoiTtv6DBJprZeT2HsIfTrgO9PkQ9sqhsksOx0gAHeknW', 'Pegawai', NULL, '2017-02-20 23:28:12', '2017-02-20 23:28:12'),
(2, 'Kunaefi', 'kunaefi@gmail.com', '$2y$10$FzaSjX3BULpLzCQyv3rDs.D.22LyezSiie/f8w.S71nJDMixNBsra', 'Pegawai', NULL, '2017-02-20 23:28:51', '2017-02-20 23:28:51');

--
-- Indexes for dumped tables
--

--
-- Indexes for table `golongans`
--
ALTER TABLE `golongans`
  ADD PRIMARY KEY (`id`);

--
-- Indexes for table `jabatans`
--
ALTER TABLE `jabatans`
  ADD PRIMARY KEY (`id`);

--
-- Indexes for table `kategori_lemburs`
--
ALTER TABLE `kategori_lemburs`
  ADD PRIMARY KEY (`id`),
  ADD KEY `kategori_lemburs_jabatan_id_foreign` (`jabatan_id`),
  ADD KEY `kategori_lemburs_golongan_id_foreign` (`golongan_id`);

--
-- Indexes for table `lembur_pegawais`
--
ALTER TABLE `lembur_pegawais`
  ADD PRIMARY KEY (`id`),
  ADD KEY `lembur_pegawais_kode_lembur_id_foreign` (`kode_lembur_id`),
  ADD KEY `lembur_pegawais_pegawai_id_foreign` (`pegawai_id`);

--
-- Indexes for table `migrations`
--
ALTER TABLE `migrations`
  ADD PRIMARY KEY (`id`);

--
-- Indexes for table `password_resets`
--
ALTER TABLE `password_resets`
  ADD KEY `password_resets_email_index` (`email`),
  ADD KEY `password_resets_token_index` (`token`);

--
-- Indexes for table `pegawais`
--
ALTER TABLE `pegawais`
  ADD PRIMARY KEY (`id`),
  ADD KEY `pegawais_user_id_foreign` (`user_id`),
  ADD KEY `pegawais_jabatan_id_foreign` (`jabatan_id`),
  ADD KEY `pegawais_golongan_id_foreign` (`golongan_id`);

--
-- Indexes for table `penggajians`
--
ALTER TABLE `penggajians`
  ADD PRIMARY KEY (`id`),
  ADD KEY `penggajians_tunjangan_pegawai_id_foreign` (`tunjangan_pegawai_id`);

--
-- Indexes for table `tunjangans`
--
ALTER TABLE `tunjangans`
  ADD PRIMARY KEY (`id`),
  ADD KEY `tunjangans_jabatan_id_foreign` (`jabatan_id`),
  ADD KEY `tunjangans_golongan_id_foreign` (`golongan_id`);

--
-- Indexes for table `tunjangan_pegawais`
--
ALTER TABLE `tunjangan_pegawais`
  ADD PRIMARY KEY (`id`),
  ADD KEY `tunjangan_pegawais_kode_tunjangan_id_foreign` (`kode_tunjangan_id`),
  ADD KEY `tunjangan_pegawais_pegawai_id_foreign` (`pegawai_id`);

--
-- Indexes for table `users`
--
ALTER TABLE `users`
  ADD PRIMARY KEY (`id`),
  ADD UNIQUE KEY `users_email_unique` (`email`);

--
-- AUTO_INCREMENT for dumped tables
--

--
-- AUTO_INCREMENT for table `golongans`
--
ALTER TABLE `golongans`
  MODIFY `id` int(10) UNSIGNED NOT NULL AUTO_INCREMENT, AUTO_INCREMENT=3;
--
-- AUTO_INCREMENT for table `jabatans`
--
ALTER TABLE `jabatans`
  MODIFY `id` int(10) UNSIGNED NOT NULL AUTO_INCREMENT, AUTO_INCREMENT=3;
--
-- AUTO_INCREMENT for table `kategori_lemburs`
--
ALTER TABLE `kategori_lemburs`
  MODIFY `id` int(10) UNSIGNED NOT NULL AUTO_INCREMENT, AUTO_INCREMENT=3;
--
-- AUTO_INCREMENT for table `lembur_pegawais`
--
ALTER TABLE `lembur_pegawais`
  MODIFY `id` int(10) UNSIGNED NOT NULL AUTO_INCREMENT, AUTO_INCREMENT=3;
--
-- AUTO_INCREMENT for table `migrations`
--
ALTER TABLE `migrations`
  MODIFY `id` int(10) UNSIGNED NOT NULL AUTO_INCREMENT, AUTO_INCREMENT=21;
--
-- AUTO_INCREMENT for table `pegawais`
--
ALTER TABLE `pegawais`
  MODIFY `id` int(10) UNSIGNED NOT NULL AUTO_INCREMENT, AUTO_INCREMENT=3;
--
-- AUTO_INCREMENT for table `penggajians`
--
ALTER TABLE `penggajians`
  MODIFY `id` int(10) UNSIGNED NOT NULL AUTO_INCREMENT;
--
-- AUTO_INCREMENT for table `tunjangans`
--
ALTER TABLE `tunjangans`
  MODIFY `id` int(10) UNSIGNED NOT NULL AUTO_INCREMENT, AUTO_INCREMENT=6;
--
-- AUTO_INCREMENT for table `tunjangan_pegawais`
--
ALTER TABLE `tunjangan_pegawais`
  MODIFY `id` int(10) UNSIGNED NOT NULL AUTO_INCREMENT, AUTO_INCREMENT=4;
--
-- AUTO_INCREMENT for table `users`
--
ALTER TABLE `users`
  MODIFY `id` int(10) UNSIGNED NOT NULL AUTO_INCREMENT, AUTO_INCREMENT=3;
--
-- Constraints for dumped tables
--

--
-- Constraints for table `kategori_lemburs`
--
ALTER TABLE `kategori_lemburs`
  ADD CONSTRAINT `kategori_lemburs_golongan_id_foreign` FOREIGN KEY (`golongan_id`) REFERENCES `golongans` (`id`) ON DELETE CASCADE ON UPDATE CASCADE,
  ADD CONSTRAINT `kategori_lemburs_jabatan_id_foreign` FOREIGN KEY (`jabatan_id`) REFERENCES `jabatans` (`id`) ON DELETE CASCADE ON UPDATE CASCADE;

--
-- Constraints for table `lembur_pegawais`
--
ALTER TABLE `lembur_pegawais`
  ADD CONSTRAINT `lembur_pegawais_kode_lembur_id_foreign` FOREIGN KEY (`kode_lembur_id`) REFERENCES `kategori_lemburs` (`id`) ON DELETE CASCADE ON UPDATE CASCADE,
  ADD CONSTRAINT `lembur_pegawais_pegawai_id_foreign` FOREIGN KEY (`pegawai_id`) REFERENCES `pegawais` (`id`) ON DELETE CASCADE ON UPDATE CASCADE;

--
-- Constraints for table `pegawais`
--
ALTER TABLE `pegawais`
  ADD CONSTRAINT `pegawais_golongan_id_foreign` FOREIGN KEY (`golongan_id`) REFERENCES `golongans` (`id`) ON DELETE CASCADE ON UPDATE CASCADE,
  ADD CONSTRAINT `pegawais_jabatan_id_foreign` FOREIGN KEY (`jabatan_id`) REFERENCES `jabatans` (`id`) ON DELETE CASCADE ON UPDATE CASCADE,
  ADD CONSTRAINT `pegawais_user_id_foreign` FOREIGN KEY (`user_id`) REFERENCES `users` (`id`) ON DELETE CASCADE ON UPDATE CASCADE;

--
-- Constraints for table `penggajians`
--
ALTER TABLE `penggajians`
  ADD CONSTRAINT `penggajians_tunjangan_pegawai_id_foreign` FOREIGN KEY (`tunjangan_pegawai_id`) REFERENCES `tunjangan_pegawais` (`id`) ON DELETE CASCADE ON UPDATE CASCADE;

--
-- Constraints for table `tunjangans`
--
ALTER TABLE `tunjangans`
  ADD CONSTRAINT `tunjangans_golongan_id_foreign` FOREIGN KEY (`golongan_id`) REFERENCES `golongans` (`id`) ON DELETE CASCADE ON UPDATE CASCADE,
  ADD CONSTRAINT `tunjangans_jabatan_id_foreign` FOREIGN KEY (`jabatan_id`) REFERENCES `jabatans` (`id`) ON DELETE CASCADE ON UPDATE CASCADE;

--
-- Constraints for table `tunjangan_pegawais`
--
ALTER TABLE `tunjangan_pegawais`
  ADD CONSTRAINT `tunjangan_pegawais_kode_tunjangan_id_foreign` FOREIGN KEY (`kode_tunjangan_id`) REFERENCES `tunjangans` (`id`) ON DELETE CASCADE ON UPDATE CASCADE,
  ADD CONSTRAINT `tunjangan_pegawais_pegawai_id_foreign` FOREIGN KEY (`pegawai_id`) REFERENCES `pegawais` (`id`) ON DELETE CASCADE ON UPDATE CASCADE;

/*!40101 SET CHARACTER_SET_CLIENT=@OLD_CHARACTER_SET_CLIENT */;
/*!40101 SET CHARACTER_SET_RESULTS=@OLD_CHARACTER_SET_RESULTS */;
/*!40101 SET COLLATION_CONNECTION=@OLD_COLLATION_CONNECTION */;
